Sheet Type,filename
HallwaySheet,Hallway
,
,
EnemySheet,Dreadwyrm_Enemy
TitleSheet,Dreadwyrm_Title
EncounterSheet,Dreadwyrm_Encounter
PatternSheet,Dreadwyrm_Pattern
PatternSheet,Dreadwyrm_Pattern_Singleplayer
PatternSheet,Dreadwyrm_Pattern_Multiplayer
,
EncounterSheet,Tassha_Revenge_Encounter
PatternSheet,Tassha_Revenge_Pattern
PatternSheet,Tassha_Revenge_Patternmain
,
,
EnemySheet,More_Bosses_Enemy
TitleSheet,More_Bosses_Title
EncounterSheet,More_Bosses_Encounter
PatternSheet,Sunnie_Radiant_Dragon_Moves
PatternSheet,Sunnie_Radiant_Dragon_Pattern
PatternSheet,Nyxa_Midnight_Trader_Moves
PatternSheet,Nyxa_Midnight_Trader_Pattern
PatternSheet,Puddles_Poison_Frog_Moves
PatternSheet,Puddles_Poison_Frog_Pattern
,
EncounterSheet,BH_E
PatternSheet,BH
PatternSheet,BH_D
,
EncounterSheet,Moonlit_Encounter
PatternSheet,birds
PatternSheet,mouse
PatternSheet,frogs
PatternSheet,wolves
PatternSheet,dragons
PatternSheet,tassha_D
PatternSheet,tassha
,
EncounterSheet,TouhouLike_Encounter
PatternSheet,mbp00
PatternSheet,mbp01
PatternSheet,mbp01detail
PatternSheet,mbp02
PatternSheet,mbp02detail
PatternSheet,mbp03
PatternSheet,mbp03detail
PatternSheet,mbp04
PatternSheet,mbp04detail
PatternSheet,mbp05
PatternSheet,mbp05detail
PatternSheet,mbp05detail_d
PatternSheet,mbp06
PatternSheet,mbp06detail
PatternSheet,mbp07
PatternSheet,mbp07detail
PatternSheet,mbp08
PatternSheet,mbp08detail
PatternSheet,mbp10
PatternSheet,mbp10detail
PatternSheet,mbp11
PatternSheet,mbp11detail
PatternSheet,mbp12
PatternSheet,mbp12detail
PatternSheet,mbp13
##PatternSheet,mbp13detail
PatternSheet,mbp13detailr
PatternSheet,mbp14
PatternSheet,mbp14detail
PatternSheet,mbp14detailr
PatternSheet,mbp15
PatternSheet,mbp15detail
PatternSheet,mbp16
PatternSheet,mbp16detail
PatternSheet,mbp17
PatternSheet,mbp17detail
PatternSheet,mbp19
PatternSheet,mbp19detail
PatternSheet,mbp19detailn
PatternSheet,mbp20
PatternSheet,mbp20detail
PatternSheet,mbp21
PatternSheet,mbp21detail
PatternSheet,mbp21detailr
PatternSheet,mbp22
PatternSheet,mbp22detail
PatternSheet,mbp23
PatternSheet,mbp23detail
PatternSheet,mbp24
PatternSheet,mbp24detail
PatternSheet,mbp25
PatternSheet,mbp25detail
PatternSheet,mbp26
PatternSheet,mbp26detail
PatternSheet,mbp27
PatternSheet,mbp27detail
PatternSheet,mbp90
PatternSheet,mbp90detail
PatternSheet,mbp91
PatternSheet,mbp91detail
PatternSheet,mbp92
PatternSheet,mbp92detail
PatternSheet,mbp93
PatternSheet,mbp93detail
PatternSheet,mbp94
PatternSheet,mbp94detail
PatternSheet,mbp99
PatternSheet,mbp99detail
PatternSheet,mbptest01
PatternSheet,mbptest01detail
TitleSheet,TouhouLike_TitleEx
,
EnemySheet,GhostKeep_Enemy
TitleSheet,GhostKeep_Title
,
EncounterSheet,GhostKeep_Encounter
PatternSheet,dark_Pattern
PatternSheet,dark_Pattern_Singleplayer
PatternSheet,light_Pattern
PatternSheet,light_Pattern_Singleplayer
PatternSheet,water_Pattern
PatternSheet,water_Pattern_Singleplayer
PatternSheet,wind_Pattern
PatternSheet,wind_Pattern_Singleplayer
PatternSheet,fire_Pattern
PatternSheet,fire_Pattern_Singleplayer
